"cefr_stage","stage_order","stage_title_en","stage_title_fr","stage_can_do_en","stage_can_do_fr","unit_id","unit_order","unit_title_en","unit_title_fr","unit_outcome_en","unit_outcome_fr","mission_order","mission_title_en","mission_title_fr","mission_can_do_en","mission_can_do_fr","context","duration_minutes","related_phonemes","is_checkpoint","source_url","last_updated"
"A0","1","Starter","Premiers mots","I can produce essential sounds and complete my first short exchanges.","Je peux produire les sons essentiels et réussir mes premiers échanges.","a0_first_contact","1","First contact","Premier contact","I can greet someone, introduce myself, say I do not understand, and say goodbye.","Saluer, se présenter, signaler une incompréhension et prendre congé.","1","Hello!","Bonjour !","I can say hello and goodbye.","Je peux dire bonjour et au revoir.","social","7","/ɔ̃/ | /ʒ/ | /u/","false","https://getparle.app/french-speaking-course/","2026-08-11"
"A0","1","Starter","Premiers mots","I can produce essential sounds and complete my first short exchanges.","Je peux produire les sons essentiels et réussir mes premiers échanges.","a0_first_contact","1","First contact","Premier contact","I can greet someone, introduce myself, say I do not understand, and say goodbye.","Saluer, se présenter, signaler une incompréhension et prendre congé.","2","My name is...","Je m'appelle...","I can say my first name.","Je peux dire mon prénom.","social","8","/m/ | /ɛ/ | /p/","false","https://getparle.app/french-speaking-course/","2026-08-11"
"A0","1","Starter","Premiers mots","I can produce essential sounds and complete my first short exchanges.","Je peux produire les sons essentiels et réussir mes premiers échanges.","a0_first_contact","1","First contact","Premier contact","I can greet someone, introduce myself, say I do not understand, and say goodbye.","Saluer, se présenter, signaler une incompréhension et prendre congé.","3","I don't understand","Je ne comprends pas","I can say I don't understand and ask someone to repeat.","Je peux dire que je ne comprends pas et demander de répéter.","social","8","/p/ | /ʁ/ | /ɔ̃/","false","https://getparle.app/french-speaking-course/","2026-08-11"
"A0","1","Starter","Premiers mots","I can produce essential sounds and complete my first short exchanges.","Je peux produire les sons essentiels et réussir mes premiers échanges.","a0_first_contact","1","First contact","Premier contact","I can greet someone, introduce myself, say I do not understand, and say goodbye.","Saluer, se présenter, signaler une incompréhension et prendre congé.","4","Introduce yourself","Se présenter","I can introduce myself and say goodbye.","Je peux me présenter et dire au revoir.","social","10","/ʒ/ | /ɥ/ | /i/","false","https://getparle.app/french-speaking-course/","2026-08-11"
"A0","1","Starter","Premiers mots","I can produce essential sounds and complete my first short exchanges.","Je peux produire les sons essentiels et réussir mes premiers échanges.","a0_essential_needs","2","Essential needs","Besoins essentiels","I can politely ask for water, the toilet, or help.","Demander de l'eau, des toilettes ou de l'aide avec politesse.","1","Ask for water","Demander de l'eau","I can ask for water politely.","Je peux demander de l'eau poliment.","food","8","/ʒ/ | /d/ | /l/","false","https://getparle.app/french-speaking-course/","2026-08-11"
"A0","1","Starter","Premiers mots","I can produce essential sounds and complete my first short exchanges.","Je peux produire les sons essentiels et réussir mes premiers échanges.","a0_essential_needs","2","Essential needs","Besoins essentiels","I can politely ask for water, the toilet, or help.","Demander de l'eau, des toilettes ou de l'aide avec politesse.","2","Ask for the toilet","Demander les toilettes","I can ask where the toilet is.","Je peux demander où sont les toilettes.","services","8","/t/ | /w/ | /ɛ/","false","https://getparle.app/french-speaking-course/","2026-08-11"
"A0","1","Starter","Premiers mots","I can produce essential sounds and complete my first short exchanges.","Je peux produire les sons essentiels et réussir mes premiers échanges.","a0_essential_needs","2","Essential needs","Besoins essentiels","I can politely ask for water, the toilet, or help.","Demander de l'eau, des toilettes ou de l'aide avec politesse.","3","Ask for help","Demander de l'aide","I can ask for help politely.","Je peux demander de l'aide poliment.","services","8","/ɛ/ | /d/ | /p/","false","https://getparle.app/french-speaking-course/","2026-08-11"
"A0","1","Starter","Premiers mots","I can produce essential sounds and complete my first short exchanges.","Je peux produire les sons essentiels et réussir mes premiers échanges.","a0_essential_needs","2","Essential needs","Besoins essentiels","I can politely ask for water, the toilet, or help.","Demander de l'eau, des toilettes ou de l'aide avec politesse.","4","Review essential needs","Réviser les besoins","I can ask for water, the toilet, and help.","Je peux demander de l'eau, les toilettes et de l'aide.","review","10","/o/ | /t/ | /ɛ/","false","https://getparle.app/french-speaking-course/","2026-08-11"
"A0","1","Starter","Premiers mots","I can produce essential sounds and complete my first short exchanges.","Je peux produire les sons essentiels et réussir mes premiers échanges.","a0_numbers_time","3","Numbers and time","Nombres et heure","I can understand and give a number, price, time, and simple phone number.","Comprendre et donner un nombre, un prix, une heure et un numéro simple.","1","Numbers 1-10","Les nombres 1-10","I can count from 1 to 10 in French.","Je peux compter de 1 à 10 en français.","review","8","/a/ | /e/ | /i/","false","https://getparle.app/french-speaking-course/","2026-08-11"
"A0","1","Starter","Premiers mots","I can produce essential sounds and complete my first short exchanges.","Je peux produire les sons essentiels et réussir mes premiers échanges.","a0_numbers_time","3","Numbers and time","Nombres et heure","I can understand and give a number, price, time, and simple phone number.","Comprendre et donner un nombre, un prix, une heure et un numéro simple.","2","One or two?","Une ou deux ?","I can ask for and give a simple quantity.","Je peux demander et donner une quantité simple.","services","10","/ø/ | /ɑ̃/ | /j/","false","https://getparle.app/french-speaking-course/","2026-08-11"
"A0","1","Starter","Premiers mots","I can produce essential sounds and complete my first short exchanges.","Je peux produire les sons essentiels et réussir mes premiers échanges.","a0_numbers_time","3","Numbers and time","Nombres et heure","I can understand and give a number, price, time, and simple phone number.","Comprendre et donner un nombre, un prix, une heure et un numéro simple.","3","What time is it?","Quelle heure est-il ?","I can tell simple time.","Je peux dire l'heure simple.","services","10","/ʁ/ | /œ/","false","https://getparle.app/french-speaking-course/","2026-08-11"
"A0","1","Starter","Premiers mots","I can produce essential sounds and complete my first short exchanges.","Je peux produire les sons essentiels et réussir mes premiers échanges.","a0_numbers_time","3","Numbers and time","Nombres et heure","I can understand and give a number, price, time, and simple phone number.","Comprendre et donner un nombre, un prix, une heure et un numéro simple.","4","Phone number","Numéro de téléphone","I can give and understand a phone number.","Je peux donner et comprendre un numéro de téléphone.","services","12","/s/ | /z/","false","https://getparle.app/french-speaking-course/","2026-08-11"
"A0","1","Starter","Premiers mots","I can produce essential sounds and complete my first short exchanges.","Je peux produire les sons essentiels et réussir mes premiers échanges.","a0_first_transactions","4","First transactions","Premières transactions","I can order a drink, buy bread, and ask for a ticket.","Commander une boisson, acheter du pain et demander un billet.","1","Order a drink","Commander une boisson","I can order a simple drink.","Je peux commander une boisson simple.","food","8","/k/ | /m/ | /e/","false","https://getparle.app/french-speaking-course/","2026-08-11"
"A0","1","Starter","Premiers mots","I can produce essential sounds and complete my first short exchanges.","Je peux produire les sons essentiels et réussir mes premiers échanges.","a0_first_transactions","4","First transactions","Premières transactions","I can order a drink, buy bread, and ask for a ticket.","Commander une boisson, acheter du pain et demander un billet.","2","Buy bread","Acheter du pain","I can buy bread at the bakery.","Je peux acheter du pain à la boulangerie.","food","8","/p/ | /ɛ̃/ | /a/","false","https://getparle.app/french-speaking-course/","2026-08-11"
"A0","1","Starter","Premiers mots","I can produce essential sounds and complete my first short exchanges.","Je peux produire les sons essentiels et réussir mes premiers échanges.","a0_first_transactions","4","First transactions","Premières transactions","I can order a drink, buy bread, and ask for a ticket.","Commander une boisson, acheter du pain et demander un billet.","3","Ask for a ticket","Demander un billet","I can ask for a train ticket.","Je peux demander un billet de train.","travel","8","/b/ | /j/ | /ʁ/","false","https://getparle.app/french-speaking-course/","2026-08-11"
"A0","1","Starter","Premiers mots","I can produce essential sounds and complete my first short exchanges.","Je peux produire les sons essentiels et réussir mes premiers échanges.","a0_first_transactions","4","First transactions","Premières transactions","I can order a drink, buy bread, and ask for a ticket.","Commander une boisson, acheter du pain et demander un billet.","4","Review: order and buy","Révision : commander et acheter","I can order a drink, buy bread, and ask for a ticket.","Je peux commander une boisson, acheter du pain et demander un billet.","review","10","/k/ | /p/ | /b/","false","https://getparle.app/french-speaking-course/","2026-08-11"
"A1.1","2","Essential conversations","Bases personnelles","I can exchange simple personal information and talk about my daily life.","Je peux échanger des informations personnelles simples et parler de mon quotidien.","a1_about_me","1","About me","Parler de soi","I can give my identity, nationality, languages, and contact details.","Donner son identité, sa nationalité, ses langues et ses coordonnées.","1","Exchange first names","Échanger les prénoms","I can give my first name and ask for someone else's.","Je peux donner mon prénom et demander celui de quelqu'un.","social","8","/ʒ/ | /m/ | /a/","false","https://getparle.app/french-speaking-course/","2026-08-11"
"A1.1","2","Essential conversations","Bases personnelles","I can exchange simple personal information and talk about my daily life.","Je peux échanger des informations personnelles simples et parler de mon quotidien.","a1_about_me","1","About me","Parler de soi","I can give my identity, nationality, languages, and contact details.","Donner son identité, sa nationalité, ses langues et ses coordonnées.","2","I am French","Je suis français","I can say my nationality.","Je peux dire ma nationalité.","social","8","/f/ | /ʁ/ | /ɑ̃/","false","https://getparle.app/french-speaking-course/","2026-08-11"
"A1.1","2","Essential conversations","Bases personnelles","I can exchange simple personal information and talk about my daily life.","Je peux échanger des informations personnelles simples et parler de mon quotidien.","a1_about_me","1","About me","Parler de soi","I can give my identity, nationality, languages, and contact details.","Donner son identité, sa nationalité, ses langues et ses coordonnées.","3","I speak English","Je parle anglais","I can say which languages I speak.","Je peux dire quelles langues je parle.","social","8","/p/ | /l/ | /ɡ/","false","https://getparle.app/french-speaking-course/","2026-08-11"
"A1.1","2","Essential conversations","Bases personnelles","I can exchange simple personal information and talk about my daily life.","Je peux échanger des informations personnelles simples et parler de mon quotidien.","a1_about_me","1","About me","Parler de soi","I can give my identity, nationality, languages, and contact details.","Donner son identité, sa nationalité, ses langues et ses coordonnées.","4","My contact details","Mes coordonnées","I can confirm my phone number and address.","Je peux confirmer mon numéro de téléphone et mon adresse.","services","10","/a/ | /m/ | /ʁ/","false","https://getparle.app/french-speaking-course/","2026-08-11"
"A1.1","2","Essential conversations","Bases personnelles","I can exchange simple personal information and talk about my daily life.","Je peux échanger des informations personnelles simples et parler de mon quotidien.","a1_home_family","2","Home and family","Maison et famille","I can introduce people close to me and describe my home simply.","Présenter des proches et décrire simplement son logement.","1","My family","Ma famille","I can say who is in my family.","Je peux dire qui est dans ma famille.","home","8","/m/ | /p/ | /a/","false","https://getparle.app/french-speaking-course/","2026-08-11"
"A1.1","2","Essential conversations","Bases personnelles","I can exchange simple personal information and talk about my daily life.","Je peux échanger des informations personnelles simples et parler de mon quotidien.","a1_home_family","2","Home and family","Maison et famille","I can introduce people close to me and describe my home simply.","Présenter des proches et décrire simplement son logement.","2","My house","Ma maison","I can describe my house simply.","Je peux décrire ma maison simplement.","home","9","/l/ | /ʁ/ | /e/","false","https://getparle.app/french-speaking-course/","2026-08-11"
"A1.1","2","Essential conversations","Bases personnelles","I can exchange simple personal information and talk about my daily life.","Je peux échanger des informations personnelles simples et parler de mon quotidien.","a1_home_family","2","Home and family","Maison et famille","I can introduce people close to me and describe my home simply.","Présenter des proches et décrire simplement son logement.","3","Where do you live?","Où habitez-vous ?","I can say where I live and with whom.","Je peux dire où j'habite et avec qui.","home","10","/ɑ̃/ | /u/ | /ʒ/","false","https://getparle.app/french-speaking-course/","2026-08-11"
"A1.1","2","Essential conversations","Bases personnelles","I can exchange simple personal information and talk about my daily life.","Je peux échanger des informations personnelles simples et parler de mon quotidien.","a1_home_family","2","Home and family","Maison et famille","I can introduce people close to me and describe my home simply.","Présenter des proches et décrire simplement son logement.","4","Introduce my household","Présenter mon foyer","I can present my family and my home.","Je peux présenter ma famille et mon logement.","home","12","/j/ | /v/ | /ɛ/","false","https://getparle.app/french-speaking-course/","2026-08-11"
"A1.1","2","Essential conversations","Bases personnelles","I can exchange simple personal information and talk about my daily life.","Je peux échanger des informations personnelles simples et parler de mon quotidien.","a1_daily_routine","3","Daily routine","Routine quotidienne","I can say what I do, when I do it, and how often.","Dire ce que l'on fait, à quelle heure et à quelle fréquence.","1","My morning","Mon matin","I can say what I do in the morning.","Je peux dire ce que je fais le matin.","home","8","/ɑ̃/ | /e/ | /d/","false","https://getparle.app/french-speaking-course/","2026-08-11"
"A1.1","2","Essential conversations","Bases personnelles","I can exchange simple personal information and talk about my daily life.","Je peux échanger des informations personnelles simples et parler de mon quotidien.","a1_daily_routine","3","Daily routine","Routine quotidienne","I can say what I do, when I do it, and how often.","Dire ce que l'on fait, à quelle heure et à quelle fréquence.","2","My work day","Ma journée de travail","I can say what I do during the day.","Je peux dire ce que je fais pendant la journée.","work","9","/t/ | /j/ | /e/","false","https://getparle.app/french-speaking-course/","2026-08-11"
"A1.1","2","Essential conversations","Bases personnelles","I can exchange simple personal information and talk about my daily life.","Je peux échanger des informations personnelles simples et parler de mon quotidien.","a1_daily_routine","3","Daily routine","Routine quotidienne","I can say what I do, when I do it, and how often.","Dire ce que l'on fait, à quelle heure et à quelle fréquence.","3","My evening activities","Mes activités du soir","I can say what I do in the evening and how often.","Je peux dire ce que je fais le soir et à quelle fréquence.","home","10","/y/ | /s/ | /ɛ/","false","https://getparle.app/french-speaking-course/","2026-08-11"
"A1.1","2","Essential conversations","Bases personnelles","I can exchange simple personal information and talk about my daily life.","Je peux échanger des informations personnelles simples et parler de mon quotidien.","a1_daily_routine","3","Daily routine","Routine quotidienne","I can say what I do, when I do it, and how often.","Dire ce que l'on fait, à quelle heure et à quelle fréquence.","4","My daily routine","Ma routine quotidienne","I can describe my complete daily routine.","Je peux décrire ma routine quotidienne complète.","review","12","/ʒ/ | /ʁ/ | /f/","false","https://getparle.app/french-speaking-course/","2026-08-11"
"A1.1","2","Essential conversations","Bases personnelles","I can exchange simple personal information and talk about my daily life.","Je peux échanger des informations personnelles simples et parler de mon quotidien.","a1_town_directions","4","Around town","En ville","I can ask for and understand short directions and locate a service.","Demander et comprendre un itinéraire court et localiser un service.","1","Where is the station?","Où est la gare ?","I can ask where a simple place is.","Je peux demander où se trouve un lieu simple.","travel","10","/u/ | /ʁ/ | /ɛ/","false","https://getparle.app/french-speaking-course/","2026-08-11"
"A1.1","2","Essential conversations","Bases personnelles","I can exchange simple personal information and talk about my daily life.","Je peux échanger des informations personnelles simples et parler de mon quotidien.","a1_town_directions","4","Around town","En ville","I can ask for and understand short directions and locate a service.","Demander et comprendre un itinéraire court et localiser un service.","2","Left or right?","À gauche ou à droite ?","I can understand simple directions: left, right, straight ahead.","Je peux comprendre des directions simples : gauche, droite, tout droit.","travel","10","/o/ | /d/ | /t/","false","https://getparle.app/french-speaking-course/","2026-08-11"
"A1.1","2","Essential conversations","Bases personnelles","I can exchange simple personal information and talk about my daily life.","Je peux échanger des informations personnelles simples et parler de mon quotidien.","a1_town_directions","4","Around town","En ville","I can ask for and understand short directions and locate a service.","Demander et comprendre un itinéraire court et localiser un service.","3","Near the museum","Près du musée","I can ask if a place is nearby and understand the answer.","Je peux demander si un lieu est proche et comprendre la réponse.","travel","10","/p/ | /ʁ/ | /ɛ/","false","https://getparle.app/french-speaking-course/","2026-08-11"
"A1.1","2","Essential conversations","Bases personnelles","I can exchange simple personal information and talk about my daily life.","Je peux échanger des informations personnelles simples et parler de mon quotidien.","a1_town_directions","4","Around town","En ville","I can ask for and understand short directions and locate a service.","Demander et comprendre un itinéraire court et localiser un service.","4","Where is the post office?","Où est la poste ?","I can ask for and understand simple directions to a service.","Je peux demander et comprendre un itinéraire simple pour un service.","services","12","/ɔ/ | /s/ | /t/","false","https://getparle.app/french-speaking-course/","2026-08-11"
"A1.1","2","Essential conversations","Bases personnelles","I can exchange simple personal information and talk about my daily life.","Je peux échanger des informations personnelles simples et parler de mon quotidien.","a1_food_shopping","5","Food and shopping","Manger et acheter","I can order, choose a quantity, ask the price, and pay.","Commander, choisir une quantité, demander un prix et payer.","1","At the market","Au marché","I can buy a piece of fruit at the market.","Je peux commander un fruit au marché.","food","8","/ɔ/ | /m/ | /ʁ/","false","https://getparle.app/french-speaking-course/","2026-08-11"
"A1.1","2","Essential conversations","Bases personnelles","I can exchange simple personal information and talk about my daily life.","Je peux échanger des informations personnelles simples et parler de mon quotidien.","a1_food_shopping","5","Food and shopping","Manger et acheter","I can order, choose a quantity, ask the price, and pay.","Commander, choisir une quantité, demander un prix et payer.","2","How much does it cost?","Combien ça coûte ?","I can ask the price of a fruit.","Je peux demander le prix d'un fruit.","food","8","/k/ | /ɔ̃/ | /e/","false","https://getparle.app/french-speaking-course/","2026-08-11"
"A1.1","2","Essential conversations","Bases personnelles","I can exchange simple personal information and talk about my daily life.","Je peux échanger des informations personnelles simples et parler de mon quotidien.","a1_food_shopping","5","Food and shopping","Manger et acheter","I can order, choose a quantity, ask the price, and pay.","Commander, choisir une quantité, demander un prix et payer.","3","I would like to pay","Je voudrais payer","I can say I want to pay and give money.","Je peux dire que je veux payer et donner de l'argent.","services","8","/p/ | /j/ | /ɛ/","false","https://getparle.app/french-speaking-course/","2026-08-11"
"A1.1","2","Essential conversations","Bases personnelles","I can exchange simple personal information and talk about my daily life.","Je peux échanger des informations personnelles simples et parler de mon quotidien.","a1_food_shopping","5","Food and shopping","Manger et acheter","I can order, choose a quantity, ask the price, and pay.","Commander, choisir une quantité, demander un prix et payer.","4","At the supermarket","Au supermarché","I can buy fruit and pay.","Je peux acheter des fruits et payer.","food","10","/s/ | /t/ | /u/","false","https://getparle.app/french-speaking-course/","2026-08-11"
"A1.2","3","Everyday conversations","Vie quotidienne","I can handle predictable daily situations with simple sentences.","Je peux gérer des situations quotidiennes prévisibles avec des phrases simples.","a1_travel","1","Simple travel","Voyages simples","I can choose a route, buy a ticket, and understand departure information.","Choisir un trajet, acheter un billet et comprendre une information de départ.","1","Choose a departure time","Choisir un horaire de départ","I can ask for a return ticket and choose a departure time.","Je peux demander un aller-retour et choisir une heure de départ.","travel","10","/b/ | /t/ | /e/","false","https://getparle.app/french-speaking-course/","2026-08-11"
"A1.2","3","Everyday conversations","Vie quotidienne","I can handle predictable daily situations with simple sentences.","Je peux gérer des situations quotidiennes prévisibles avec des phrases simples.","a1_travel","1","Simple travel","Voyages simples","I can choose a route, buy a ticket, and understand departure information.","Choisir un trajet, acheter un billet et comprendre une information de départ.","2","Choose the departure","Choisir le départ","I can understand and choose a departure time.","Je peux comprendre et choisir une heure de départ.","travel","10","/ʁ/ | /ɛ/ | /ɑ̃/","false","https://getparle.app/french-speaking-course/","2026-08-11"
"A1.2","3","Everyday conversations","Vie quotidienne","I can handle predictable daily situations with simple sentences.","Je peux gérer des situations quotidiennes prévisibles avec des phrases simples.","a1_travel","1","Simple travel","Voyages simples","I can choose a route, buy a ticket, and understand departure information.","Choisir un trajet, acheter un billet et comprendre une information de départ.","3","Pay for the ticket","Payer le billet","I can pay for a ticket and ask for the price.","Je peux payer un billet et demander le prix.","travel","10","/p/ | /s/ | /y/","false","https://getparle.app/french-speaking-course/","2026-08-11"
"A1.2","3","Everyday conversations","Vie quotidienne","I can handle predictable daily situations with simple sentences.","Je peux gérer des situations quotidiennes prévisibles avec des phrases simples.","a1_travel","1","Simple travel","Voyages simples","I can choose a route, buy a ticket, and understand departure information.","Choisir un trajet, acheter un billet et comprendre une information de départ.","4","Complete trip","Voyage complet","I can buy a round-trip ticket and understand departure information.","Je peux acheter un billet aller-retour et comprendre les informations de départ.","travel","12","/a/ | /l/ | /m/","false","https://getparle.app/french-speaking-course/","2026-08-11"
"A1.2","3","Everyday conversations","Vie quotidienne","I can handle predictable daily situations with simple sentences.","Je peux gérer des situations quotidiennes prévisibles avec des phrases simples.","a1_social_plans","2","Social plans","Proposer et organiser","I can invite someone, accept or decline, and agree on a time and place.","Inviter, accepter, refuser et convenir d'une heure et d'un lieu.","1","First invitation","Première invitation","I can invite someone to do a simple activity.","Je peux inviter quelqu'un à faire une activité simple.","social","10","/e/ | /ʁ/ | /ɛ/","false","https://getparle.app/french-speaking-course/","2026-08-11"
"A1.2","3","Everyday conversations","Vie quotidienne","I can handle predictable daily situations with simple sentences.","Je peux gérer des situations quotidiennes prévisibles avec des phrases simples.","a1_social_plans","2","Social plans","Proposer et organiser","I can invite someone, accept or decline, and agree on a time and place.","Inviter, accepter, refuser et convenir d'une heure et d'un lieu.","2","Accept or refuse","Accepter ou refuser","I can accept or refuse an invitation politely.","Je peux accepter ou refuser une invitation poliment.","social","10","/ɔ/ | /n/ | /ʒ/","false","https://getparle.app/french-speaking-course/","2026-08-11"
"A1.2","3","Everyday conversations","Vie quotidienne","I can handle predictable daily situations with simple sentences.","Je peux gérer des situations quotidiennes prévisibles avec des phrases simples.","a1_social_plans","2","Social plans","Proposer et organiser","I can invite someone, accept or decline, and agree on a time and place.","Inviter, accepter, refuser et convenir d'une heure et d'un lieu.","3","Agree on a time","Convenir d'une heure","I can propose and confirm a meeting time.","Je peux proposer et confirmer une heure de rendez-vous.","social","10","/u/ | /ʁ/ | /ɛ/","false","https://getparle.app/french-speaking-course/","2026-08-11"
"A1.2","3","Everyday conversations","Vie quotidienne","I can handle predictable daily situations with simple sentences.","Je peux gérer des situations quotidiennes prévisibles avec des phrases simples.","a1_social_plans","2","Social plans","Proposer et organiser","I can invite someone, accept or decline, and agree on a time and place.","Inviter, accepter, refuser et convenir d'une heure et d'un lieu.","4","Organize an outing","Organiser une sortie","I can organize a simple outing: invite, set time and place.","Je peux organiser une sortie simple : inviter, fixer l'heure et le lieu.","social","12","/a/ | /l/ | /m/","false","https://getparle.app/french-speaking-course/","2026-08-11"
"A1.2","3","Everyday conversations","Vie quotidienne","I can handle predictable daily situations with simple sentences.","Je peux gérer des situations quotidiennes prévisibles avec des phrases simples.","a1_health_basics","3","Health basics","Santé de base","I can describe a simple symptom and understand common advice.","Décrire un symptôme simple et comprendre un conseil courant.","1","Say you are sick","Dire qu'on est malade","I can say I am sick and where it hurts.","Je peux dire que je suis malade et où j'ai mal.","health","8","/m/ | /a/ | /l/","false","https://getparle.app/french-speaking-course/","2026-08-11"
"A1.2","3","Everyday conversations","Vie quotidienne","I can handle predictable daily situations with simple sentences.","Je peux gérer des situations quotidiennes prévisibles avec des phrases simples.","a1_health_basics","3","Health basics","Santé de base","I can describe a simple symptom and understand common advice.","Décrire un symptôme simple et comprendre un conseil courant.","2","Fever and cough","Fièvre et toux","I can say I have a fever and a cough.","Je peux dire que j'ai de la fièvre et que je tousse.","health","8","/f/ | /v/ | /ʁ/","false","https://getparle.app/french-speaking-course/","2026-08-11"
"A1.2","3","Everyday conversations","Vie quotidienne","I can handle predictable daily situations with simple sentences.","Je peux gérer des situations quotidiennes prévisibles avec des phrases simples.","a1_health_basics","3","Health basics","Santé de base","I can describe a simple symptom and understand common advice.","Décrire un symptôme simple et comprendre un conseil courant.","3","Understand advice","Comprendre un conseil","I can understand simple advice from the doctor.","Je peux comprendre un conseil simple du médecin.","health","8","/p/ | /ʁ/ | /z/","false","https://getparle.app/french-speaking-course/","2026-08-11"
"A1.2","3","Everyday conversations","Vie quotidienne","I can handle predictable daily situations with simple sentences.","Je peux gérer des situations quotidiennes prévisibles avec des phrases simples.","a1_health_basics","3","Health basics","Santé de base","I can describe a simple symptom and understand common advice.","Décrire un symptôme simple et comprendre un conseil courant.","4","Health check","Bilan santé","I can describe a symptom and understand advice.","Je peux décrire un symptôme et comprendre un conseil.","health","10","/m/ | /f/ | /p/","false","https://getparle.app/french-speaking-course/","2026-08-11"
"A1.2","3","Everyday conversations","Vie quotidienne","I can handle predictable daily situations with simple sentences.","Je peux gérer des situations quotidiennes prévisibles avec des phrases simples.","a1_everyday_services","4","Everyday services","Services du quotidien","I can make an appointment and request a simple service.","Prendre un rendez-vous et demander une opération simple dans un service.","1","Make an appointment","Prendre un rendez-vous","I can ask for an appointment and suggest a day.","Je peux demander un rendez-vous et proposer un jour.","services","8","/b/ | /ʒ/ | /ø/","false","https://getparle.app/french-speaking-course/","2026-08-11"
"A1.2","3","Everyday conversations","Vie quotidienne","I can handle predictable daily situations with simple sentences.","Je peux gérer des situations quotidiennes prévisibles avec des phrases simples.","a1_everyday_services","4","Everyday services","Services du quotidien","I can make an appointment and request a simple service.","Prendre un rendez-vous et demander une opération simple dans un service.","2","Specify the reason","Préciser le motif","I can specify the reason for my request.","Je peux préciser le motif de ma demande.","services","9","/k/ | /ʁ/","false","https://getparle.app/french-speaking-course/","2026-08-11"
"A1.2","3","Everyday conversations","Vie quotidienne","I can handle predictable daily situations with simple sentences.","Je peux gérer des situations quotidiennes prévisibles avec des phrases simples.","a1_everyday_services","4","Everyday services","Services du quotidien","I can make an appointment and request a simple service.","Prendre un rendez-vous et demander une opération simple dans un service.","3","Confirm the appointment","Confirmer le rendez-vous","I can confirm an appointment and thank the person.","Je peux confirmer un rendez-vous et remercier.","services","8","/m/ | /t/","false","https://getparle.app/french-speaking-course/","2026-08-11"
"A1.2","3","Everyday conversations","Vie quotidienne","I can handle predictable daily situations with simple sentences.","Je peux gérer des situations quotidiennes prévisibles avec des phrases simples.","a1_everyday_services","4","Everyday services","Services du quotidien","I can make an appointment and request a simple service.","Prendre un rendez-vous et demander une opération simple dans un service.","4","A repair appointment","Rendez-vous chez le réparateur","I can explain a simple problem and confirm an appointment.","Je peux expliquer un problème simple et confirmer un rendez-vous.","services","10","/b/ | /ʒ/ | /ʁ/","false","https://getparle.app/french-speaking-course/","2026-08-11"
"A1.2","3","Everyday conversations","Vie quotidienne","I can handle predictable daily situations with simple sentences.","Je peux gérer des situations quotidiennes prévisibles avec des phrases simples.","a1_work_study","5","Work and study","Travail et études","I can describe my work or studies and ask for simple information.","Présenter son activité et demander une information simple.","1","First contact","Premier contact","I can say my job or my studies.","Je peux dire mon métier ou mes études.","work","8","/ʁ/ | /e/","false","https://getparle.app/french-speaking-course/","2026-08-11"
"A1.2","3","Everyday conversations","Vie quotidienne","I can handle predictable daily situations with simple sentences.","Je peux gérer des situations quotidiennes prévisibles avec des phrases simples.","a1_work_study","5","Work and study","Travail et études","I can describe my work or studies and ask for simple information.","Présenter son activité et demander une information simple.","2","Where do you work?","Où travaillez-vous ?","I can ask and say where I work or study.","Je peux demander et dire où je travaille ou étudie.","work","9","/u/ | /ʁ/","false","https://getparle.app/french-speaking-course/","2026-08-11"
"A1.2","3","Everyday conversations","Vie quotidienne","I can handle predictable daily situations with simple sentences.","Je peux gérer des situations quotidiennes prévisibles avec des phrases simples.","a1_work_study","5","Work and study","Travail et études","I can describe my work or studies and ask for simple information.","Présenter son activité et demander une information simple.","3","What do you do?","Qu'est-ce que vous faites ?","I can ask what someone does for work or studies.","Je peux demander ce que quelqu'un fait comme travail ou études.","work","10","/k/ | /ɛ/","false","https://getparle.app/french-speaking-course/","2026-08-11"
"A1.2","3","Everyday conversations","Vie quotidienne","I can handle predictable daily situations with simple sentences.","Je peux gérer des situations quotidiennes prévisibles avec des phrases simples.","a1_work_study","5","Work and study","Travail et études","I can describe my work or studies and ask for simple information.","Présenter son activité et demander une information simple.","4","Introduce my work or studies","Présenter mon travail ou mes études","I can introduce myself and ask simple questions about work or studies.","Je peux me présenter et poser des questions simples sur le travail ou les études.","work","12","/ʁ/ | /u/ | /k/","false","https://getparle.app/french-speaking-course/","2026-08-11"
"A2.1","4","Connected speaking","Parler avec autonomie","I can connect sentences to narrate, plan, and explain in simple terms.","Je peux relier des phrases pour raconter, prévoir et expliquer simplement.","a2_past_experiences","1","Past experiences","Expériences passées","I can tell someone about an outing, a trip, and a short past event.","Raconter une sortie, un voyage et un petit événement passé.","1","Discover the passé composé","Découvrir le passé composé","I can say what I did yesterday.","Je peux dire ce que j'ai fait hier.","social","10","/e/ | /ɛ/","false","https://getparle.app/french-speaking-course/","2026-08-11"
"A2.1","4","Connected speaking","Parler avec autonomie","I can connect sentences to narrate, plan, and explain in simple terms.","Je peux relier des phrases pour raconter, prévoir et expliquer simplement.","a2_past_experiences","1","Past experiences","Expériences passées","I can tell someone about an outing, a trip, and a short past event.","Raconter une sortie, un voyage et un petit événement passé.","2","Talk about a trip","Parler d'un voyage","I can say where I went and with whom.","Je peux dire où je suis allé(e) et avec qui.","travel","10","/a/ | /ʁ/","false","https://getparle.app/french-speaking-course/","2026-08-11"
"A2.1","4","Connected speaking","Parler avec autonomie","I can connect sentences to narrate, plan, and explain in simple terms.","Je peux relier des phrases pour raconter, prévoir et expliquer simplement.","a2_past_experiences","1","Past experiences","Expériences passées","I can tell someone about an outing, a trip, and a short past event.","Raconter une sortie, un voyage et un petit événement passé.","3","Add details","Ajouter des détails","I can say how it was and what I liked.","Je peux dire comment c'était et ce que j'ai aimé.","social","10","/ɔ/ | /ɛ̃/","false","https://getparle.app/french-speaking-course/","2026-08-11"
"A2.1","4","Connected speaking","Parler avec autonomie","I can connect sentences to narrate, plan, and explain in simple terms.","Je peux relier des phrases pour raconter, prévoir et expliquer simplement.","a2_past_experiences","1","Past experiences","Expériences passées","I can tell someone about an outing, a trip, and a short past event.","Raconter une sortie, un voyage et un petit événement passé.","4","Tell about an outing","Raconter une sortie","I can tell a complete outing story.","Je peux raconter une sortie complète.","social","12","/e/ | /a/ | /ʁ/","false","https://getparle.app/french-speaking-course/","2026-08-11"
"A2.1","4","Connected speaking","Parler avec autonomie","I can connect sentences to narrate, plan, and explain in simple terms.","Je peux relier des phrases pour raconter, prévoir et expliquer simplement.","a2_plans_future","2","Plans and future","Projets et avenir","I can explain a plan, an intention, and a next step.","Expliquer un projet, une intention et une prochaine étape.","1","Talk about your plans","Parler de ses projets","I can say what I am going to do this weekend.","Je peux dire ce que je vais faire ce week-end.","social","10","/ʁ/ | /ɛ/ | /ə/","false","https://getparle.app/french-speaking-course/","2026-08-11"
"A2.1","4","Connected speaking","Parler avec autonomie","I can connect sentences to narrate, plan, and explain in simple terms.","Je peux relier des phrases pour raconter, prévoir et expliquer simplement.","a2_plans_future","2","Plans and future","Projets et avenir","I can explain a plan, an intention, and a next step.","Expliquer un projet, une intention et une prochaine étape.","2","Talk about your intentions","Parler de ses intentions","I can say what I intend to do.","Je peux dire ce que j'ai l'intention de faire.","social","10","/ʒ/ | /ɑ̃/ | /i/","false","https://getparle.app/french-speaking-course/","2026-08-11"
"A2.1","4","Connected speaking","Parler avec autonomie","I can connect sentences to narrate, plan, and explain in simple terms.","Je peux relier des phrases pour raconter, prévoir et expliquer simplement.","a2_plans_future","2","Plans and future","Projets et avenir","I can explain a plan, an intention, and a next step.","Expliquer un projet, une intention et une prochaine étape.","3","Talk about the next step","Parler de la prochaine étape","I can say what the next step of my project is.","Je peux dire quelle est la prochaine étape de mon projet.","work","10","/p/ | /ɛ/ | /t/","false","https://getparle.app/french-speaking-course/","2026-08-11"
"A2.1","4","Connected speaking","Parler avec autonomie","I can connect sentences to narrate, plan, and explain in simple terms.","Je peux relier des phrases pour raconter, prévoir et expliquer simplement.","a2_plans_future","2","Plans and future","Projets et avenir","I can explain a plan, an intention, and a next step.","Expliquer un projet, une intention et une prochaine étape.","4","Explain a complete project","Expliquer un projet complet","I can explain my project, my intention and the next step.","Je peux expliquer mon projet, mon intention et la prochaine étape.","work","12","/k/ | /ɔ̃/ | /ʁ/","false","https://getparle.app/french-speaking-course/","2026-08-11"
"A2.1","4","Connected speaking","Parler avec autonomie","I can connect sentences to narrate, plan, and explain in simple terms.","Je peux relier des phrases pour raconter, prévoir et expliquer simplement.","a2_preferences","3","Preferences and opinions","Préférences et avis","I can compare two options and briefly justify my preference.","Comparer deux options et justifier brièvement une préférence.","1","Compare two options","Comparer deux options","I can compare two simple options.","Je peux comparer deux options simples.","food","10","/k/ | /ɔ/ | /e/","false","https://getparle.app/french-speaking-course/","2026-08-11"
"A2.1","4","Connected speaking","Parler avec autonomie","I can connect sentences to narrate, plan, and explain in simple terms.","Je peux relier des phrases pour raconter, prévoir et expliquer simplement.","a2_preferences","3","Preferences and opinions","Préférences et avis","I can compare two options and briefly justify my preference.","Comparer deux options et justifier brièvement une préférence.","2","Justify a preference","Justifier une préférence","I can briefly justify a preference.","Je peux justifier brièvement une préférence.","travel","10","/ʁ/ | /ɛ/ | /ʒ/ | /ɲ/","false","https://getparle.app/french-speaking-course/","2026-08-11"
"A2.1","4","Connected speaking","Parler avec autonomie","I can connect sentences to narrate, plan, and explain in simple terms.","Je peux relier des phrases pour raconter, prévoir et expliquer simplement.","a2_preferences","3","Preferences and opinions","Préférences et avis","I can compare two options and briefly justify my preference.","Comparer deux options et justifier brièvement une préférence.","3","Give your opinion","Donner son avis","I can give my opinion on two options.","Je peux donner mon avis sur deux options.","social","10","/e/ | /ɑ̃/ | /i/","false","https://getparle.app/french-speaking-course/","2026-08-11"
"A2.1","4","Connected speaking","Parler avec autonomie","I can connect sentences to narrate, plan, and explain in simple terms.","Je peux relier des phrases pour raconter, prévoir et expliquer simplement.","a2_preferences","3","Preferences and opinions","Préférences et avis","I can compare two options and briefly justify my preference.","Comparer deux options et justifier brièvement une préférence.","4","Compare and justify","Comparer et justifier","I can compare two options and justify my preference.","Je peux comparer deux options et justifier ma préférence.","food","12","/e/ | /ɔ/ | /ʁ/","false","https://getparle.app/french-speaking-course/","2026-08-11"
"A2.1","4","Connected speaking","Parler avec autonomie","I can connect sentences to narrate, plan, and explain in simple terms.","Je peux relier des phrases pour raconter, prévoir et expliquer simplement.","a2_problems","4","Problems and solutions","Problèmes et solutions","I can explain an everyday problem and negotiate a simple solution.","Expliquer un problème courant et négocier une solution simple.","1","A phone that will not turn on","Un téléphone qui ne s'allume pas","I can report a simple problem to a shopkeeper.","Je peux signaler un problème simple à un commerçant.","services","10","/p/ | /ʁ/ | /ɔ̃/","false","https://getparle.app/french-speaking-course/","2026-08-11"
"A2.1","4","Connected speaking","Parler avec autonomie","I can connect sentences to narrate, plan, and explain in simple terms.","Je peux relier des phrases pour raconter, prévoir et expliquer simplement.","a2_problems","4","Problems and solutions","Problèmes et solutions","I can explain an everyday problem and negotiate a simple solution.","Expliquer un problème courant et négocier une solution simple.","2","Ask for a solution","Demander une solution","I can ask for a solution for a simple problem.","Je peux demander une solution pour un problème simple.","services","10","/ʃ/ | /e/ | /ʁ/","false","https://getparle.app/french-speaking-course/","2026-08-11"
"A2.1","4","Connected speaking","Parler avec autonomie","I can connect sentences to narrate, plan, and explain in simple terms.","Je peux relier des phrases pour raconter, prévoir et expliquer simplement.","a2_problems","4","Problems and solutions","Problèmes et solutions","I can explain an everyday problem and negotiate a simple solution.","Expliquer un problème courant et négocier une solution simple.","3","Negotiate a solution","Négocier une solution","I can negotiate a simple solution with a shopkeeper.","Je peux négocier une solution simple avec un commerçant.","services","12","/b/ | /ɔ̃/ | /ʒ/","false","https://getparle.app/french-speaking-course/","2026-08-11"
"A2.1","4","Connected speaking","Parler avec autonomie","I can connect sentences to narrate, plan, and explain in simple terms.","Je peux relier des phrases pour raconter, prévoir et expliquer simplement.","a2_problems","4","Problems and solutions","Problèmes et solutions","I can explain an everyday problem and negotiate a simple solution.","Expliquer un problème courant et négocier une solution simple.","4","Solve a problem","Résoudre un problème","I can explain a problem and negotiate a solution.","Je peux expliquer un problème et négocier une solution.","services","12","/ʁ/ | /l/ | /e/","false","https://getparle.app/french-speaking-course/","2026-08-11"
"A2.1","4","Connected speaking","Parler avec autonomie","I can connect sentences to narrate, plan, and explain in simple terms.","Je peux relier des phrases pour raconter, prévoir et expliquer simplement.","a2_housing","5","Housing and neighborhood","Logement et quartier","I can describe a home, report a problem, and talk about my neighborhood.","Décrire un logement, signaler un souci et parler de son quartier.","1","Describe your home","Décrire son logement","I can describe my home in simple sentences.","Je peux décrire mon logement en phrases simples.","home","10","/ʁ/ | /l/ | /ɑ̃/","false","https://getparle.app/french-speaking-course/","2026-08-11"
"A2.1","4","Connected speaking","Parler avec autonomie","I can connect sentences to narrate, plan, and explain in simple terms.","Je peux relier des phrases pour raconter, prévoir et expliquer simplement.","a2_housing","5","Housing and neighborhood","Logement et quartier","I can describe a home, report a problem, and talk about my neighborhood.","Décrire un logement, signaler un souci et parler de son quartier.","2","Report a water leak","Signaler une fuite d'eau","I can report a problem in my home.","Je peux signaler un problème dans mon logement.","services","10","/p/ | /b/ | /ɛ/","false","https://getparle.app/french-speaking-course/","2026-08-11"
"A2.1","4","Connected speaking","Parler avec autonomie","I can connect sentences to narrate, plan, and explain in simple terms.","Je peux relier des phrases pour raconter, prévoir et expliquer simplement.","a2_housing","5","Housing and neighborhood","Logement et quartier","I can describe a home, report a problem, and talk about my neighborhood.","Décrire un logement, signaler un souci et parler de son quartier.","3","Talk about the neighborhood","Parler du quartier","I can describe my neighborhood and what is around.","Je peux décrire mon quartier et ce qu'il y a autour.","social","10","/k/ | /ɡ/ | /ɔ/","false","https://getparle.app/french-speaking-course/","2026-08-11"
"A2.1","4","Connected speaking","Parler avec autonomie","I can connect sentences to narrate, plan, and explain in simple terms.","Je peux relier des phrases pour raconter, prévoir et expliquer simplement.","a2_housing","5","Housing and neighborhood","Logement et quartier","I can describe a home, report a problem, and talk about my neighborhood.","Décrire un logement, signaler un souci et parler de son quartier.","4","Find a home","Trouver un logement","I can ask questions to find a home.","Je peux poser des questions pour trouver un logement.","services","12","/ʒ/ | /ʃ/ | /ɑ̃/","false","https://getparle.app/french-speaking-course/","2026-08-11"
"A2.1","4","Connected speaking","Parler avec autonomie","I can connect sentences to narrate, plan, and explain in simple terms.","Je peux relier des phrases pour raconter, prévoir et expliquer simplement.","a2_phone_digital","6","Phone and digital life","Téléphone et numérique","I can handle a call, leave a message, and solve a simple digital problem.","Gérer un appel, laisser un message et résoudre un problème numérique simple.","1","Pick up and greet","Décrocher et saluer","I can answer the phone and introduce myself.","Je peux répondre au téléphone et me présenter.","digital","10","/a/ | /e/ | /ʁ/","false","https://getparle.app/french-speaking-course/","2026-08-11"
"A2.1","4","Connected speaking","Parler avec autonomie","I can connect sentences to narrate, plan, and explain in simple terms.","Je peux relier des phrases pour raconter, prévoir et expliquer simplement.","a2_phone_digital","6","Phone and digital life","Téléphone et numérique","I can handle a call, leave a message, and solve a simple digital problem.","Gérer un appel, laisser un message et résoudre un problème numérique simple.","2","Leave a message","Laisser un message","I can leave a simple message on an answering machine.","Je peux laisser un message simple sur un répondeur.","digital","10","/e/ | /l/ | /m/","false","https://getparle.app/french-speaking-course/","2026-08-11"
"A2.1","4","Connected speaking","Parler avec autonomie","I can connect sentences to narrate, plan, and explain in simple terms.","Je peux relier des phrases pour raconter, prévoir et expliquer simplement.","a2_phone_digital","6","Phone and digital life","Téléphone et numérique","I can handle a call, leave a message, and solve a simple digital problem.","Gérer un appel, laisser un message et résoudre un problème numérique simple.","3","Connection problem","Problème de connexion","I can explain a simple connection problem.","Je peux expliquer un problème de connexion simple.","digital","12","/p/ | /t/ | /k/","false","https://getparle.app/french-speaking-course/","2026-08-11"
"A2.1","4","Connected speaking","Parler avec autonomie","I can connect sentences to narrate, plan, and explain in simple terms.","Je peux relier des phrases pour raconter, prévoir et expliquer simplement.","a2_phone_digital","6","Phone and digital life","Téléphone et numérique","I can handle a call, leave a message, and solve a simple digital problem.","Gérer un appel, laisser un message et résoudre un problème numérique simple.","4","Solve a digital problem","Résoudre un problème numérique","I can follow simple instructions to solve a digital problem.","Je peux suivre des instructions simples pour résoudre un problème numérique.","digital","12","/ʁ/ | /s/ | /t/","false","https://getparle.app/french-speaking-course/","2026-08-11"
"A2.2","5","Practical conversations","Interactions pratiques","I can sustain a practical exchange and answer predictable follow-up questions.","Je peux soutenir un échange pratique et répondre à des précisions prévisibles.","a2_travel_disruptions","1","Travel disruptions","Imprévus en voyage","I can ask about options when there is a delay, cancellation, or mistake.","Demander des options lors d'un retard, d'une annulation ou d'une erreur.","1","Ask for an alternative after a delay","Demander une solution après un retard","I can ask for an alternative after a delay is announced.","Je peux demander une solution après l'annonce d'un retard.","travel","10","/ʁ/ | /e/ | /t/","false","https://getparle.app/french-speaking-course/","2026-08-11"
"A2.2","5","Practical conversations","Interactions pratiques","I can sustain a practical exchange and answer predictable follow-up questions.","Je peux soutenir un échange pratique et répondre à des précisions prévisibles.","a2_travel_disruptions","1","Travel disruptions","Imprévus en voyage","I can ask about options when there is a delay, cancellation, or mistake.","Demander des options lors d'un retard, d'une annulation ou d'une erreur.","2","Flight cancellation","Annulation de vol","I can ask for options after a cancellation.","Je peux demander des options après une annulation.","travel","10","/ɑ̃/ | /l/ | /p/","false","https://getparle.app/french-speaking-course/","2026-08-11"
"A2.2","5","Practical conversations","Interactions pratiques","I can sustain a practical exchange and answer predictable follow-up questions.","Je peux soutenir un échange pratique et répondre à des précisions prévisibles.","a2_travel_disruptions","1","Travel disruptions","Imprévus en voyage","I can ask about options when there is a delay, cancellation, or mistake.","Demander des options lors d'un retard, d'une annulation ou d'une erreur.","3","Booking error","Erreur de réservation","I can report an error and ask for a correction.","Je peux signaler une erreur et demander une correction.","travel","10","/ɛ/ | /s/ | /ʁ/","false","https://getparle.app/french-speaking-course/","2026-08-11"
"A2.2","5","Practical conversations","Interactions pratiques","I can sustain a practical exchange and answer predictable follow-up questions.","Je peux soutenir un échange pratique et répondre à des précisions prévisibles.","a2_travel_disruptions","1","Travel disruptions","Imprévus en voyage","I can ask about options when there is a delay, cancellation, or mistake.","Demander des options lors d'un retard, d'une annulation ou d'une erreur.","4","Disruption summary","Bilan des imprévus","I can summarize options and choose a solution.","Je peux résumer les options et choisir une solution.","review","12","/ɔ/ | /m/ | /t/","false","https://getparle.app/french-speaking-course/","2026-08-11"
"A2.2","5","Practical conversations","Interactions pratiques","I can sustain a practical exchange and answer predictable follow-up questions.","Je peux soutenir un échange pratique et répondre à des précisions prévisibles.","a2_healthcare","2","Healthcare","Parcours de santé","I can describe how a symptom has changed and understand the steps of an appointment.","Décrire l'évolution d'un symptôme et comprendre les étapes d'un rendez-vous.","1","Locate and date pain","Localiser et dater une douleur","I can say where it hurts and for how long.","Je peux dire où j'ai mal et depuis quand.","health","10","/m/ | /ɑ̃/ | /ʁ/","false","https://getparle.app/french-speaking-course/","2026-08-11"
"A2.2","5","Practical conversations","Interactions pratiques","I can sustain a practical exchange and answer predictable follow-up questions.","Je peux soutenir un échange pratique et répondre à des précisions prévisibles.","a2_healthcare","2","Healthcare","Parcours de santé","I can describe how a symptom has changed and understand the steps of an appointment.","Décrire l'évolution d'un symptôme et comprendre les étapes d'un rendez-vous.","2","Understand instructions","Comprendre les instructions","I can understand the doctor's instructions for a treatment.","Je peux comprendre les consignes du médecin pour un traitement.","health","10","/p/ | /ʁ/ | /ɛ/","false","https://getparle.app/french-speaking-course/","2026-08-11"
"A2.2","5","Practical conversations","Interactions pratiques","I can sustain a practical exchange and answer predictable follow-up questions.","Je peux soutenir un échange pratique et répondre à des précisions prévisibles.","a2_healthcare","2","Healthcare","Parcours de santé","I can describe how a symptom has changed and understand the steps of an appointment.","Décrire l'évolution d'un symptôme et comprendre les étapes d'un rendez-vous.","3","Symptom follow-up","Suivi des symptômes","I can say if the symptoms have changed.","Je peux dire si les symptômes ont changé.","health","10","/v/ | /e/ | /ʒ/","false","https://getparle.app/french-speaking-course/","2026-08-11"
"A2.2","5","Practical conversations","Interactions pratiques","I can sustain a practical exchange and answer predictable follow-up questions.","Je peux soutenir un échange pratique et répondre à des précisions prévisibles.","a2_healthcare","2","Healthcare","Parcours de santé","I can describe how a symptom has changed and understand the steps of an appointment.","Décrire l'évolution d'un symptôme et comprendre les étapes d'un rendez-vous.","4","Medical appointment","Rendez-vous médical","I can understand and confirm the steps of a medical appointment.","Je peux comprendre et confirmer les étapes d'un rendez-vous médical.","health","12","/ʁ/ | /l/ | /ɑ̃/","false","https://getparle.app/french-speaking-course/","2026-08-11"
"A2.2","5","Practical conversations","Interactions pratiques","I can sustain a practical exchange and answer predictable follow-up questions.","Je peux soutenir un échange pratique et répondre à des précisions prévisibles.","a2_workplace","3","At work","Au travail","I can give an update, ask for clarification, and suggest how to organize the work.","Faire un point, demander une clarification et proposer une organisation.","1","Check in","Faire le point","I can check in quickly with a colleague.","Je peux faire un point rapide avec un collègue.","work","10","/e/ | /ʁ/ | /k/","false","https://getparle.app/french-speaking-course/","2026-08-11"
"A2.2","5","Practical conversations","Interactions pratiques","I can sustain a practical exchange and answer predictable follow-up questions.","Je peux soutenir un échange pratique et répondre à des précisions prévisibles.","a2_workplace","3","At work","Au travail","I can give an update, ask for clarification, and suggest how to organize the work.","Faire un point, demander une clarification et proposer une organisation.","2","Ask for clarification","Demander une clarification","I can ask for clarification on a task.","Je peux demander une clarification sur une tâche.","work","10","/ɔ/ | /ʒ/ | /t/","false","https://getparle.app/french-speaking-course/","2026-08-11"
"A2.2","5","Practical conversations","Interactions pratiques","I can sustain a practical exchange and answer predictable follow-up questions.","Je peux soutenir un échange pratique et répondre à des précisions prévisibles.","a2_workplace","3","At work","Au travail","I can give an update, ask for clarification, and suggest how to organize the work.","Faire un point, demander une clarification et proposer une organisation.","3","Propose an arrangement","Proposer une organisation","I can propose an arrangement for a project.","Je peux proposer une organisation pour un projet.","work","10","/ɑ̃/ | /l/ | /p/","false","https://getparle.app/french-speaking-course/","2026-08-11"
"A2.2","5","Practical conversations","Interactions pratiques","I can sustain a practical exchange and answer predictable follow-up questions.","Je peux soutenir un échange pratique et répondre à des précisions prévisibles.","a2_workplace","3","At work","Au travail","I can give an update, ask for clarification, and suggest how to organize the work.","Faire un point, demander une clarification et proposer une organisation.","4","Project review","Bilan de projet","I can give a simple project review and suggest improvements.","Je peux faire un bilan simple de projet et proposer des améliorations.","work","12","/ʁ/ | /s/ | /b/","false","https://getparle.app/french-speaking-course/","2026-08-11"
"A2.2","5","Practical conversations","Interactions pratiques","I can sustain a practical exchange and answer predictable follow-up questions.","Je peux soutenir un échange pratique et répondre à des précisions prévisibles.","a2_study_admin","4","Study and administration","Études et démarches","I can request a document, explain my situation, and check a procedure.","Demander un document, expliquer une situation et vérifier une procédure.","1","Request a document","Demander un document","I can request a simple administrative document.","Je peux demander un document administratif simple.","services","10","/d/ | /m/ | /ʁ/","false","https://getparle.app/french-speaking-course/","2026-08-11"
"A2.2","5","Practical conversations","Interactions pratiques","I can sustain a practical exchange and answer predictable follow-up questions.","Je peux soutenir un échange pratique et répondre à des précisions prévisibles.","a2_study_admin","4","Study and administration","Études et démarches","I can request a document, explain my situation, and check a procedure.","Demander un document, expliquer une situation et vérifier une procédure.","2","Explain a situation","Expliquer une situation","I can explain why I need a document.","Je peux expliquer pourquoi j'ai besoin d'un document.","services","10","/p/ | /ʁ/ | /ʒ/","false","https://getparle.app/french-speaking-course/","2026-08-11"
"A2.2","5","Practical conversations","Interactions pratiques","I can sustain a practical exchange and answer predictable follow-up questions.","Je peux soutenir un échange pratique et répondre à des précisions prévisibles.","a2_study_admin","4","Study and administration","Études et démarches","I can request a document, explain my situation, and check a procedure.","Demander un document, expliquer une situation et vérifier une procédure.","3","Check a procedure","Vérifier une procédure","I can check the steps of an administrative procedure.","Je peux vérifier les étapes d'une procédure administrative.","services","10","/v/ | /f/ | /k/","false","https://getparle.app/french-speaking-course/","2026-08-11"
"A2.2","5","Practical conversations","Interactions pratiques","I can sustain a practical exchange and answer predictable follow-up questions.","Je peux soutenir un échange pratique et répondre à des précisions prévisibles.","a2_study_admin","4","Study and administration","Études et démarches","I can request a document, explain my situation, and check a procedure.","Demander un document, expliquer une situation et vérifier une procédure.","4","Finalize the request","Finaliser la demande","I can finalize a document request by confirming the information.","Je peux finaliser une demande de document en confirmant les informations.","services","10","/k/ | /s/ | /t/","false","https://getparle.app/french-speaking-course/","2026-08-11"
"A2.2","5","Practical conversations","Interactions pratiques","I can sustain a practical exchange and answer predictable follow-up questions.","Je peux soutenir un échange pratique et répondre à des précisions prévisibles.","a2_relationships","5","Social relationships","Relations sociales","I can agree, disagree politely, and resolve a misunderstanding.","Exprimer un accord, un désaccord poli et gérer un malentendu.","1","Expressing agreement","Exprimer son accord","I can say that I agree with someone.","Je peux dire que je suis d'accord avec quelqu'un.","social","10","/ʒ/ | /e/","false","https://getparle.app/french-speaking-course/","2026-08-11"
"A2.2","5","Practical conversations","Interactions pratiques","I can sustain a practical exchange and answer predictable follow-up questions.","Je peux soutenir un échange pratique et répondre à des précisions prévisibles.","a2_relationships","5","Social relationships","Relations sociales","I can agree, disagree politely, and resolve a misunderstanding.","Exprimer un accord, un désaccord poli et gérer un malentendu.","2","Expressing polite disagreement","Exprimer un désaccord poli","I can express polite disagreement.","Je peux exprimer un désaccord poli.","social","10","/p/ | /ɔ/","false","https://getparle.app/french-speaking-course/","2026-08-11"
"A2.2","5","Practical conversations","Interactions pratiques","I can sustain a practical exchange and answer predictable follow-up questions.","Je peux soutenir un échange pratique et répondre à des précisions prévisibles.","a2_relationships","5","Social relationships","Relations sociales","I can agree, disagree politely, and resolve a misunderstanding.","Exprimer un accord, un désaccord poli et gérer un malentendu.","3","Handling a misunderstanding","Gérer un malentendu","I can handle a simple misunderstanding.","Je peux gérer un malentendu simple.","social","12","/ʁ/ | /ɛ/","false","https://getparle.app/french-speaking-course/","2026-08-11"
"A2.2","5","Practical conversations","Interactions pratiques","I can sustain a practical exchange and answer predictable follow-up questions.","Je peux soutenir un échange pratique et répondre à des précisions prévisibles.","a2_relationships","5","Social relationships","Relations sociales","I can agree, disagree politely, and resolve a misunderstanding.","Exprimer un accord, un désaccord poli et gérer un malentendu.","4","Review: agreements and misunderstandings","Bilan : accords et malentendus","I can express agreement, disagreement and handle a misunderstanding in a conversation.","Je peux exprimer accord, désaccord et gérer un malentendu dans une conversation.","review","12","/ɛ̃/ | /ʁ/","false","https://getparle.app/french-speaking-course/","2026-08-11"
"A2.2","5","Practical conversations","Interactions pratiques","I can sustain a practical exchange and answer predictable follow-up questions.","Je peux soutenir un échange pratique et répondre à des précisions prévisibles.","a2_leisure_culture","6","Leisure and culture","Loisirs et culture","I can discuss a film or activity and recommend an experience.","Parler d'un film, d'une activité et recommander une expérience.","1","Talk about a movie","Parler d'un film","I can say which movie I saw and give a simple opinion.","Je peux dire quel film j'ai vu et donner mon avis simple.","social","10","/e/ | /ʁ/ | /ɛ/","false","https://getparle.app/french-speaking-course/","2026-08-11"
"A2.2","5","Practical conversations","Interactions pratiques","I can sustain a practical exchange and answer predictable follow-up questions.","Je peux soutenir un échange pratique et répondre à des précisions prévisibles.","a2_leisure_culture","6","Leisure and culture","Loisirs et culture","I can discuss a film or activity and recommend an experience.","Parler d'un film, d'une activité et recommander une expérience.","2","Talk about an activity","Parler d'une activité","I can describe a leisure activity I like.","Je peux décrire une activité de loisir que j'aime.","social","10","/ʒ/ | /ɑ̃/ | /l/","false","https://getparle.app/french-speaking-course/","2026-08-11"
"A2.2","5","Practical conversations","Interactions pratiques","I can sustain a practical exchange and answer predictable follow-up questions.","Je peux soutenir un échange pratique et répondre à des précisions prévisibles.","a2_leisure_culture","6","Leisure and culture","Loisirs et culture","I can discuss a film or activity and recommend an experience.","Parler d'un film, d'une activité et recommander une expérience.","3","Recommend an experience","Recommander une expérience","I can recommend a movie or an activity to someone.","Je peux recommander un film ou une activité à quelqu'un.","social","10","/k/ | /u/ | /ʁ/","false","https://getparle.app/french-speaking-course/","2026-08-11"
"A2.2","5","Practical conversations","Interactions pratiques","I can sustain a practical exchange and answer predictable follow-up questions.","Je peux soutenir un échange pratique et répondre à des précisions prévisibles.","a2_leisure_culture","6","Leisure and culture","Loisirs et culture","I can discuss a film or activity and recommend an experience.","Parler d'un film, d'une activité et recommander une expérience.","4","Review: leisure and culture","Bilan : loisirs et culture","I can talk about a movie, an activity, and recommend an experience.","Je peux parler d'un film, d'une activité et recommander une expérience.","review","12","/e/ | /ʒ/ | /k/","false","https://getparle.app/french-speaking-course/","2026-08-11"
"A2","6","A2 Check","Cap A2","I can complete integrated A2 speaking tasks in familiar situations.","Je peux accomplir des tâches orales A2 intégrées dans des situations familières.","a2_check_survival","1","Independent travel","Autonomie en déplacement","I can combine transport, accommodation, food, and requests for help.","Combiner transport, hébergement, repas et demande d'aide.","1","Plan a trip","Organiser un trajet","I can ask for information about train schedules and tickets.","Je peux demander des informations sur les horaires et les billets de train.","travel","10","/ʁ/ | /ɛ̃/ | /t/","true","https://getparle.app/french-speaking-course/","2026-08-11"
"A2","6","A2 Check","Cap A2","I can complete integrated A2 speaking tasks in familiar situations.","Je peux accomplir des tâches orales A2 intégrées dans des situations familières.","a2_check_survival","1","Independent travel","Autonomie en déplacement","I can combine transport, accommodation, food, and requests for help.","Combiner transport, hébergement, repas et demande d'aide.","2","Book a hotel","Réserver un hôtel","I can book a hotel room and ask about services.","Je peux réserver une chambre d'hôtel et poser des questions sur les services.","travel","10","/ʃ/ | /ʒ/ | /u/","true","https://getparle.app/french-speaking-course/","2026-08-11"
"A2","6","A2 Check","Cap A2","I can complete integrated A2 speaking tasks in familiar situations.","Je peux accomplir des tâches orales A2 intégrées dans des situations familières.","a2_check_survival","1","Independent travel","Autonomie en déplacement","I can combine transport, accommodation, food, and requests for help.","Combiner transport, hébergement, repas et demande d'aide.","3","Order at a restaurant","Commander au restaurant","I can order a meal and ask for the bill.","Je peux commander un repas et demander l'addition.","food","10","/ø/ | /œ/ | /b/","true","https://getparle.app/french-speaking-course/","2026-08-11"
"A2","6","A2 Check","Cap A2","I can complete integrated A2 speaking tasks in familiar situations.","Je peux accomplir des tâches orales A2 intégrées dans des situations familières.","a2_check_survival","1","Independent travel","Autonomie en déplacement","I can combine transport, accommodation, food, and requests for help.","Combiner transport, hébergement, repas et demande d'aide.","4","Report a lost bag","Signaler un sac perdu","I can ask for help in case of a problem and explain a simple situation.","Je peux demander de l'aide en cas de problème et expliquer une situation simple.","services","12","/p/ | /ɡ/ | /ɑ̃/","true","https://getparle.app/french-speaking-course/","2026-08-11"
"A2","6","A2 Check","Cap A2","I can complete integrated A2 speaking tasks in familiar situations.","Je peux accomplir des tâches orales A2 intégrées dans des situations familières.","a2_check_daily","2","A day in French","Une journée en français","I can manage a sequence of personal, practical, and social exchanges.","Enchaîner des échanges personnels, pratiques et sociaux.","1","Talking about your morning","Raconter sa matinée","I can talk about my morning routine using present and recent past.","Je peux raconter ma routine du matin en utilisant le présent et le passé récent.","home","10","/ʁ/ | /e/ | /ɑ̃/","true","https://getparle.app/french-speaking-course/","2026-08-11"
"A2","6","A2 Check","Cap A2","I can complete integrated A2 speaking tasks in familiar situations.","Je peux accomplir des tâches orales A2 intégrées dans des situations familières.","a2_check_daily","2","A day in French","Une journée en français","I can manage a sequence of personal, practical, and social exchanges.","Enchaîner des échanges personnels, pratiques et sociaux.","2","Suggesting an outing","Proposer une sortie","I can suggest an activity and discuss times.","Je peux proposer une activité et discuter des horaires.","social","10","/ʒ/ | /u/ | /ɛ/","true","https://getparle.app/french-speaking-course/","2026-08-11"
"A2","6","A2 Check","Cap A2","I can complete integrated A2 speaking tasks in familiar situations.","Je peux accomplir des tâches orales A2 intégrées dans des situations familières.","a2_check_daily","2","A day in French","Une journée en français","I can manage a sequence of personal, practical, and social exchanges.","Enchaîner des échanges personnels, pratiques et sociaux.","3","Choose a meal and a drink","Choisir un repas et une boisson","I can answer a waiter's questions and order a meal.","Je peux répondre aux questions du serveur et commander un repas.","food","10","/ɔ/ | /l/ | /ø/","true","https://getparle.app/french-speaking-course/","2026-08-11"
"A2","6","A2 Check","Cap A2","I can complete integrated A2 speaking tasks in familiar situations.","Je peux accomplir des tâches orales A2 intégrées dans des situations familières.","a2_check_daily","2","A day in French","Une journée en français","I can manage a sequence of personal, practical, and social exchanges.","Enchaîner des échanges personnels, pratiques et sociaux.","4","Summarizing the day","Résumer la journée","I can tell about my day using past, present and future.","Je peux raconter ma journée en utilisant le passé, le présent et le futur.","review","12","/ɛ̃/ | /a/ | /ʁ/","true","https://getparle.app/french-speaking-course/","2026-08-11"
"A2","6","A2 Check","Cap A2","I can complete integrated A2 speaking tasks in familiar situations.","Je peux accomplir des tâches orales A2 intégrées dans des situations familières.","a2_check_explain","3","Explain and respond","Expliquer et réagir","I can tell a story, give my opinion, and respond to a follow-up question.","Raconter, donner son avis et répondre à une relance.","1","Tell about an experience","Raconter une expérience","I can tell about a past experience and give my opinion.","Je peux raconter une expérience passée et donner mon avis.","social","10","/e/ | /ɛ/ | /ʁ/","true","https://getparle.app/french-speaking-course/","2026-08-11"
"A2","6","A2 Check","Cap A2","I can complete integrated A2 speaking tasks in familiar situations.","Je peux accomplir des tâches orales A2 intégrées dans des situations familières.","a2_check_explain","3","Explain and respond","Expliquer et réagir","I can tell a story, give my opinion, and respond to a follow-up question.","Raconter, donner son avis et répondre à une relance.","2","Give your opinion and react","Donner son avis et réagir","I can give my opinion and respond to someone else's.","Je peux donner mon avis et réagir à celui des autres.","social","10","/ʒ/ | /ʃ/ | /ɔ/","true","https://getparle.app/french-speaking-course/","2026-08-11"
"A2","6","A2 Check","Cap A2","I can complete integrated A2 speaking tasks in familiar situations.","Je peux accomplir des tâches orales A2 intégrées dans des situations familières.","a2_check_explain","3","Explain and respond","Expliquer et réagir","I can tell a story, give my opinion, and respond to a follow-up question.","Raconter, donner son avis et répondre à une relance.","3","Respond to a follow-up","Répondre à une relance","I can answer follow-up questions and justify my opinion.","Je peux répondre à des questions de suivi et justifier mon avis.","social","12","/k/ | /ɡ/ | /ʁ/","true","https://getparle.app/french-speaking-course/","2026-08-11"
"A2","6","A2 Check","Cap A2","I can complete integrated A2 speaking tasks in familiar situations.","Je peux accomplir des tâches orales A2 intégrées dans des situations familières.","a2_check_explain","3","Explain and respond","Expliquer et réagir","I can tell a story, give my opinion, and respond to a follow-up question.","Raconter, donner son avis et répondre à une relance.","4","Review: tell and react","Bilan : raconter et réagir","I can tell about an experience, give my opinion and respond to follow-ups.","Je peux raconter une expérience, donner mon avis et répondre à des relances.","review","12","/e/ | /ɛ/ | /ʒ/ | /k/","true","https://getparle.app/french-speaking-course/","2026-08-11"
"A2","6","A2 Check","Cap A2","I can complete integrated A2 speaking tasks in familiar situations.","Je peux accomplir des tâches orales A2 intégrées dans des situations familières.","a2_spoken_portfolio","4","A2 speaking review","Bilan oral A2","I can complete four recorded A2 can-do speaking tasks.","Réaliser quatre productions enregistrées correspondant aux objectifs A2.","1","Tell about a past experience","Raconter une expérience passée","I can briefly tell about a past event using the passé composé.","Je peux raconter brièvement un événement passé en utilisant le passé composé.","social","10","/e/ | /ɛ/ | /ʁ/","true","https://getparle.app/french-speaking-course/","2026-08-11"
"A2","6","A2 Check","Cap A2","I can complete integrated A2 speaking tasks in familiar situations.","Je peux accomplir des tâches orales A2 intégrées dans des situations familières.","a2_spoken_portfolio","4","A2 speaking review","Bilan oral A2","I can complete four recorded A2 can-do speaking tasks.","Réaliser quatre productions enregistrées correspondant aux objectifs A2.","2","Describe a future project","Décrire un projet futur","I can talk about my future plans using near future or simple future.","Je peux parler de mes projets futurs en utilisant le futur proche ou simple.","work","10","/y/ | /u/ | /ʁ/","true","https://getparle.app/french-speaking-course/","2026-08-11"
"A2","6","A2 Check","Cap A2","I can complete integrated A2 speaking tasks in familiar situations.","Je peux accomplir des tâches orales A2 intégrées dans des situations familières.","a2_spoken_portfolio","4","A2 speaking review","Bilan oral A2","I can complete four recorded A2 can-do speaking tasks.","Réaliser quatre productions enregistrées correspondant aux objectifs A2.","3","Express an opinion and justify","Exprimer une opinion et justifier","I can give my opinion on a familiar topic and justify it.","Je peux donner mon opinion sur un sujet familier et la justifier.","food","10","/ɔ/ | /o/ | /ʒ/","true","https://getparle.app/french-speaking-course/","2026-08-11"
"A2","6","A2 Check","Cap A2","I can complete integrated A2 speaking tasks in familiar situations.","Je peux accomplir des tâches orales A2 intégrées dans des situations familières.","a2_spoken_portfolio","4","A2 speaking review","Bilan oral A2","I can complete four recorded A2 can-do speaking tasks.","Réaliser quatre productions enregistrées correspondant aux objectifs A2.","4","Solve a practical problem","Résoudre un problème pratique","I can explain a problem and propose a simple solution.","Je peux expliquer un problème et proposer une solution simple.","services","10","/ɑ̃/ | /ɛ̃/ | /ɔ̃/","true","https://getparle.app/french-speaking-course/","2026-08-11"
